Pregnancies,Glucose,BloodPressure,SkinThickness,Insulin,BMI,DiabetesPedigreeFunction,Age,Outcome
0,94,83,35,36,23.18692295882609,0.532,40,1
7,98,85,33,96,37.763447241808194,0.6169,33,1
8,141,71,22,74,38.335248032044184,0.4614,39,1
0,133,77,29,107,43.84988560522277,0.3984,38,1
0,148,70,15,70,34.90355672694821,0.6858,52,0
4,125,73,27,121,32.34157329264809,0.6697,45,0
7,83,67,19,75,29.349146492639896,0.8737,33,1
6,77,66,26,112,35.26735947875713,0.6983,40,1
9,115,52,12,67,33.982964464322585,0.5356,53,1
2,123,81,21,108,27.028444353600094,0.4092,40,0
6,108,72,30,108,34.99231065383672,0.4754,39,0
4,77,50,10,65,33.398645360340616,0.2736,40,0
2,138,57,22,66,28.965801544596626,0.7101,22,1
7,125,63,9,97,27.823043745617184,0.5582,45,1
0,94,74,27,135,36.01066747548747,0.5892,64,1
6,104,58,20,53,34.81090568088643,0.4444,25,1
4,140,101,57,107,25.062771279808814,0.1,48,1
7,109,62,23,126,31.94229140467207,0.4603,31,1
6,118,98,26,124,28.00422640876509,0.2038,32,1
6,173,59,34,67,36.58943807724546,0.5962,42,1
9,131,65,11,56,32.03552750633272,0.8948,47,0
9,127,91,27,82,37.637732260359336,0.6072,64,1
0,85,96,43,89,28.700876073184073,0.8654,30,1
9,136,66,24,90,33.0254472927936,0.8519,46,1
9,118,59,11,68,28.995259355795127,0.729,27,1
1,107,67,36,111,39.02438864465646,0.4614,35,1
5,124,55,25,101,46.10484422520352,0.9692,33,0
5,83,63,28,131,26.62549697353835,0.3365,20,1
7,106,58,23,42,22.197728527654057,1.0323,28,0
6,165,115,12,83,33.04933330564306,0.9322,32,1
9,130,66,23,53,29.570957536152008,0.4334,48,1
9,131,87,26,105,31.318932085467203,0.5,35,1
4,190,103,42,106,26.421656741831395,0.2219,60,1
1,132,45,35,108,24.337415893513132,0.3821,48,0
6,117,68,26,139,15.600049354412214,0.4408,47,1
7,110,45,28,146,21.796831570503173,0.716,40,1
1,111,91,31,146,38.06447133386616,0.6098,67,0
6,140,67,25,74,36.93750360756912,0.2054,55,0
9,149,83,45,116,21.567758466080555,0.4833,29,0
1,157,81,17,64,31.196692557257563,0.1959,36,0
1,148,81,8,104,31.432201439395467,0.6035,66,1
1,105,80,8,139,33.21013967620395,0.7116,37,0
7,125,75,27,69,30.114827918557882,0.4619,49,0
3,93,70,41,72,26.06649989625808,0.5506,55,1
6,141,84,31,164,29.769029866803734,0.1,65,0
9,122,91,8,57,21.392332377286877,0.3015,50,0
7,84,40,25,80,33.75631463029967,0.6755,46,1
7,125,79,17,89,32.18065657994175,0.7051,39,0
9,117,84,8,56,22.106887615343076,0.1,36,0
0,112,74,36,134,30.585172391643162,0.8384,46,0
4,82,58,21,119,41.3246189869959,0.1545,50,0
1,131,70,8,122,27.369995723147614,0.3665,31,1
5,115,76,28,134,28.943283094813726,0.1308,58,0
7,147,77,23,105,42.706075360757794,1.0192,45,1
0,98,76,24,104,25.999787164303566,0.1026,20,1
3,108,67,46,128,25.227453301950238,0.5869,39,0
5,135,66,36,60,31.03803437417361,1.1494,47,0
6,122,80,24,89,26.32310561964748,0.6076,33,1
0,136,88,29,86,33.723793475852176,0.4228,57,0
1,111,42,8,135,36.371109891830116,0.3201,25,1
5,180,78,18,108,21.634249882033345,0.4257,46,1
9,139,77,32,74,36.386892450463286,0.9072,32,0
8,115,93,20,138,31.78891490083271,0.5646,65,1
9,96,65,29,48,34.82482541590673,0.3653,59,1
0,77,59,27,89,29.47973458631191,0.4602,47,1
0,137,81,29,111,32.77850800485196,1.0088,43,0
3,94,53,15,92,33.00577077098629,0.5128,35,1
5,138,69,17,111,32.127841524916626,0.138,44,1
1,124,50,39,132,29.48489599418221,0.5909,20,0
7,112,55,32,154,23.940311683424188,0.2906,48,0
1,126,99,8,56,28.45836036123497,0.3699,55,1
9,75,79,18,133,27.23447478137848,0.3408,52,0
2,77,80,13,102,22.457593387605638,0.6116,34,0
0,137,75,18,138,28.356085470581544,0.508,48,0
5,106,65,39,63,16.523318014423058,0.9027,78,1
0,71,67,21,89,24.31967174846891,0.6449,51,0
4,171,74,21,90,34.69154060181137,0.1,47,0
8,166,69,43,61,34.523555000816756,0.5799,33,1
8,111,46,24,67,28.945954368016707,0.4796,22,1
3,132,64,8,118,32.63421853164544,0.3215,27,1
1,179,78,29,89,35.90065520320475,0.6563,61,0
1,109,64,33,139,28.246957041104196,0.3938,49,1
1,63,59,16,25,25.218169333787177,0.2712,42,1
0,113,56,24,126,25.14424710331057,0.2724,52,1
2,119,82,13,94,29.73585991382106,0.196,24,1
4,111,56,23,128,17.315572927768464,0.1258,33,1
7,139,54,12,108,31.34964598561268,0.6372,42,0
3,123,83,33,46,17.516388667954867,0.7504,60,1
6,122,85,44,110,28.76969982048583,0.2767,45,0
8,94,102,44,129,25.474897613145234,0.7138,53,1
2,135,83,32,105,20.2983332217149,0.5209,37,0
2,162,97,39,102,39.10375072571594,0.503,47,0
0,121,52,24,92,41.78536699986784,0.7236,45,0
1,121,68,13,90,26.523410460084918,0.1874,51,0
9,116,86,36,125,31.23347924140876,0.2887,30,1
8,129,91,37,91,23.534764726834783,0.4202,47,1
0,126,64,18,104,28.58804451922477,0.561,48,0
7,107,93,12,31,19.82892908054493,0.5073,45,1
0,53,77,42,61,28.72116092926063,0.3118,33,1
7,155,99,21,152,31.21345886190775,0.9384,43,1
6,199,84,17,124,28.82900477749395,0.3776,56,1
3,126,72,28,107,19.37819840376751,0.6666,32,1
4,122,61,34,54,28.558337507364648,0.3538,44,1
7,94,82,25,38,19.248451357617814,0.4969,42,0
3,125,86,12,59,24.440056852675706,0.5722,61,1
8,57,46,15,78,28.549668236471643,0.5096,40,0
3,98,79,8,106,31.615319102357603,0.4631,65,0
5,171,68,10,97,24.542528798087393,0.3121,50,1
1,144,89,40,110,39.18057227251419,0.1,40,0
2,122,63,23,151,29.98168122147773,0.6034,41,1
3,131,89,43,104,34.537281316213615,0.2123,43,1
1,141,75,34,109,38.20183754955593,0.5723,40,1
8,129,40,8,108,33.865176023600775,0.2094,35,1
9,107,105,24,107,40.70124639099164,0.5328,31,0
7,85,68,16,122,31.207671245111534,0.4293,43,1
0,135,57,13,128,28.525978766771615,0.1458,50,0
5,125,83,29,113,22.574385411455506,0.5828,41,0
3,141,94,44,134,30.341594910218898,0.5882,54,1
7,140,71,16,82,34.803462266402455,0.5007,49,0
9,110,83,29,57,39.653828747117466,0.3748,23,1
9,121,67,21,113,33.03925216715622,0.579,50,1
6,67,66,8,96,30.97220216665393,0.7614,60,1
4,132,64,24,124,27.653371924063457,0.7014,53,1
6,144,82,26,72,25.84476388854658,0.3656,52,0
9,88,68,26,168,22.736106066877795,0.868,46,1
9,122,78,23,138,28.261173134651667,0.7831,36,1
0,131,93,24,89,24.31229822159244,0.4427,24,1
3,125,91,55,77,39.61180093987264,0.5609,43,0
2,122,65,9,48,34.919469299687364,0.4308,37,1
2,139,74,17,131,40.47511301788979,0.6236,57,1
2,135,80,30,62,35.204338941157516,0.161,34,1
4,141,94,22,60,29.557376817577943,0.5255,46,1
3,128,57,29,95,26.501119970292894,0.441,42,0
1,164,70,22,32,25.634755888123138,0.4342,36,1
4,152,72,25,92,31.022777509728755,0.9297,20,1
3,106,72,32,109,28.694524522716577,0.7548,58,1
6,126,63,32,98,31.00803908052692,0.8682,20,1
9,90,66,22,49,25.089051806135043,0.2848,76,0
4,110,54,8,91,25.012888100535847,0.4788,24,1
0,123,77,29,55,36.12811438081337,0.2999,53,1
0,112,77,31,90,40.19067334360631,0.7519,41,1
2,168,101,11,67,39.90951272040311,0.2354,27,1
5,117,62,17,73,25.722942228046346,1.0704,48,1
1,107,69,17,20,22.731944338912804,0.1,20,1
1,118,91,29,118,25.594618028172547,0.631,54,0
8,133,80,18,61,23.895230008610366,0.5216,49,1
4,134,81,42,133,24.992251403460735,0.9209,38,1
1,121,65,8,89,21.643700588166347,0.7418,64,1
2,101,62,33,93,41.43788825158607,0.3794,57,1
6,139,65,24,91,25.983657310925278,0.6655,53,0
9,156,66,29,76,31.140131896687333,0.3501,66,1
0,114,89,8,34,35.775031931318644,0.5151,48,1
8,170,84,26,81,28.63256288878364,0.1,48,0
8,80,62,12,66,31.3208897609314,0.1,52,1
2,57,57,38,20,28.914859526838885,0.205,55,0
5,130,80,45,88,33.25626621773567,0.1287,60,1
6,119,48,27,124,32.75760294098375,0.1028,43,1
6,73,55,34,103,33.47182949276052,0.9649,51,1
9,114,60,29,108,27.83970764832275,0.2419,75,1
8,101,85,23,87,34.37363723148696,0.177,49,0
9,110,64,20,87,28.733160803450367,0.7291,22,1
1,110,77,12,134,38.47380976103124,0.7399,25,0
6,79,71,29,111,32.06356820169314,0.5728,64,0
8,50,67,23,42,31.565098349393875,0.8122,30,0
7,103,94,19,108,19.772691303634076,0.9656,52,1
4,134,50,38,85,29.775582909709392,0.3771,37,1
3,136,71,30,82,44.37839104845729,0.108,61,1
9,98,105,35,124,31.16813312215526,0.4457,42,1
6,124,58,34,122,34.92795717068672,0.6864,41,1
3,98,47,27,92,28.360073772821746,0.1,28,1
9,129,51,40,90,32.740242378901215,1.0814,64,0
4,105,67,30,91,28.62853512997917,0.8668,43,0
7,164,77,35,73,25.87744466447553,0.6149,57,1
6,87,51,9,41,31.656912156682527,0.7813,44,0
2,115,103,8,83,41.235116083267386,0.6125,52,0
8,128,83,16,121,22.761981898686766,0.5821,47,1
3,104,55,21,61,32.936784784559485,0.2125,54,1
1,105,62,39,104,29.729597184733635,0.6247,20,0
1,123,73,31,121,19.01519984266084,0.1,47,0
3,152,67,8,56,15.0,0.4415,42,0
3,149,69,8,113,34.332161371051455,0.5773,57,0
4,170,57,33,44,25.418411876379693,0.8791,41,1
1,117,92,22,41,26.18055944828977,0.6378,50,1
4,101,63,20,53,27.22977335128313,0.3178,55,0
9,110,74,16,60,25.3586727464457,0.3413,29,1
2,138,48,25,88,33.04905211322082,0.4968,26,1
6,145,40,28,130,30.081844742762723,0.6376,35,1
0,79,40,35,65,28.266832929979415,0.1534,26,0
7,129,78,28,102,40.46660922959132,0.2331,44,1
6,151,50,21,135,34.048474631194395,0.5488,42,0
6,113,71,25,74,34.19277624328863,1.2286,21,1
2,100,80,25,117,38.05303945905268,0.5481,59,0
0,129,88,11,70,31.875629764868645,0.4957,48,0
2,75,86,25,88,22.173308593690656,0.6258,20,1
9,121,70,37,89,26.835168633126006,0.3733,61,0
2,110,68,8,106,20.441105753827205,0.6879,46,0
3,117,98,38,74,32.343804570240685,0.5005,48,0
3,117,48,26,108,29.635483524136696,0.1,57,0
9,112,49,13,78,38.37052487368091,0.3401,53,0
8,126,69,34,78,21.564830499985355,0.1545,38,1
5,108,107,8,101,24.232281858965987,0.3766,46,0
5,125,100,20,102,37.1495301587524,0.459,37,1
9,117,56,26,77,27.829443213306845,0.6516,27,1
5,85,62,46,128,31.58562395497264,0.2649,38,0
0,117,71,22,51,27.900935547035004,0.7287,27,1
6,99,73,20,139,34.03949892514152,0.172,53,0
8,127,64,34,71,27.28632068445182,0.3359,37,1
0,135,97,49,64,31.422514763963733,0.2059,34,0
6,93,69,11,120,25.493478775494914,1.2024,39,0
0,87,97,37,103,22.919184707322607,0.5527,30,0
1,122,40,14,115,38.27730215033893,0.7773,24,1
0,145,47,24,103,29.19541249091959,0.1,40,0
9,105,65,24,108,29.173439422859996,0.3976,46,1
1,131,71,25,123,19.28310681971051,0.1,48,1
6,108,81,35,109,29.4350292495725,0.1,55,1
2,136,58,32,120,40.35289748679451,0.281,42,0
9,92,78,31,97,32.31750956307967,0.4353,64,1
2,105,72,34,50,23.138219501407363,0.1,45,0
1,136,62,27,86,35.03268589057862,0.6188,36,1
0,146,77,9,114,24.49233626538257,0.8531,58,0
1,114,82,20,102,36.231606199116705,0.3595,36,0
0,93,44,33,149,39.55197366082184,0.1,54,1
4,122,41,27,63,32.19781010746909,0.1097,52,1
7,100,54,8,87,27.510436394310368,0.1122,50,1
1,106,88,31,91,34.714630110789116,0.2098,45,0
8,108,78,16,110,34.31115262918775,0.1,60,0
4,145,67,8,62,37.16143447792372,0.1,59,1
4,90,63,13,120,35.39456685857703,0.1,39,0
5,86,96,24,60,26.936354895944334,0.2996,28,1
7,89,40,20,40,26.487034791594876,0.2727,33,1
7,126,45,17,101,24.852826522521962,0.727,29,0
7,105,74,17,86,29.583219449332088,0.3164,51,1
4,109,83,22,85,31.628140179328756,0.9241,27,1
1,72,75,42,109,32.023750471238756,0.3599,45,1
2,112,74,16,70,22.838539374446952,0.5977,52,1
5,144,73,29,104,30.450759883490754,0.3673,73,1
3,130,75,9,128,30.434832547895,0.2223,60,1
4,88,98,32,94,40.54131283373068,0.5398,44,1
5,131,72,16,98,30.581207285427173,0.1666,25,1
4,54,75,19,134,28.039190745076745,0.6649,39,1
5,108,86,14,103,36.53583833672712,0.665,69,1
2,85,57,32,109,31.613539957884495,0.2193,54,1
5,191,77,31,80,20.138720073479103,0.3493,30,0
1,163,76,29,85,29.96277350533938,0.7411,44,0
6,111,50,8,87,31.338980151959397,0.1785,44,1
2,66,58,29,106,24.077950501601435,0.5396,58,0
0,108,62,30,100,34.7764240366132,0.533,55,0
5,139,85,16,40,40.26095713608732,0.5642,22,0
1,113,64,40,63,26.211079853471,0.5528,50,1
0,142,74,30,87,31.376189819420286,0.5269,47,1
7,121,59,25,94,32.15908947887919,1.0516,38,1
3,146,73,50,83,32.944535333920285,0.3003,40,1
5,127,90,23,85,47.22391064367632,0.5986,35,1
1,96,86,20,98,30.618947953370387,0.6829,33,0
2,135,76,16,115,26.536834437426194,0.3696,32,0
8,134,91,31,113,38.4832685268547,1.2032,22,0
3,98,55,21,58,33.01025420522448,0.5129,51,1
3,135,66,48,102,19.82509148425123,0.2494,22,0
4,108,102,31,116,25.413559072347383,0.2502,45,1
1,73,69,25,88,26.11965752591994,0.3651,42,1
2,147,67,19,108,34.66506949846512,0.3914,55,0
5,152,98,15,95,31.06766617971196,0.4755,36,0
5,100,73,16,62,32.40579016226138,0.5377,52,0
6,126,79,13,56,40.49697668064,0.2691,31,0
7,97,67,38,70,22.63796509380297,0.7356,51,1
7,80,60,24,129,24.780508150782058,0.4789,53,1
8,90,76,27,127,34.305546285361245,0.1,34,1
4,115,79,33,113,29.714350344673207,0.1,39,1
9,135,85,26,20,23.33146982372918,0.9715,37,1
0,150,72,37,103,33.75135481727301,0.5908,54,1
5,80,78,37,131,28.440370101645403,0.7912,57,0
5,101,64,21,80,25.659875501418384,0.1,39,1
2,168,72,39,102,35.95844385935955,0.5698,62,0
7,132,77,21,107,44.40631747718609,0.4324,50,1
6,120,40,30,28,39.81962338564739,0.5424,57,0
3,81,75,24,80,31.507967684396583,1.1919,55,0
1,156,69,8,89,35.87041425997901,0.2575,42,1
0,157,83,32,113,30.776504484687237,0.5494,29,1
5,128,90,42,142,25.011858440236733,0.4119,51,1
5,157,88,20,68,35.73344730029944,0.2248,41,0
8,111,40,30,74,31.25578614662648,0.4783,41,0
0,81,64,32,76,21.347159744380168,0.6671,59,0
3,137,47,28,68,24.040964285398207,0.3895,42,1
9,134,65,35,103,26.814656760422153,0.2835,23,1
8,60,63,15,142,20.783328328640142,0.1397,59,0
5,101,62,31,25,19.832837892966662,0.4298,65,1
7,148,103,18,94,41.93233132805705,0.1195,58,0
1,122,68,14,65,32.65848618552253,0.7489,43,0
6,95,83,34,173,28.743374856642507,0.3855,54,0
5,106,65,30,70,28.53679607190991,0.5224,57,1
8,72,53,10,90,23.86671907841437,0.3243,34,1
1,153,81,25,81,28.400604060261873,0.5819,52,0
2,69,75,33,86,41.89916197684063,0.2797,47,1
6,117,70,26,120,39.26641741764847,0.4994,55,1
6,100,88,49,91,17.84473905515555,0.363,61,1
3,126,87,30,131,36.516542059881914,0.8804,49,1
3,104,97,27,119,31.742440086468342,0.3534,45,0
3,133,46,22,148,29.717218828900265,0.1,69,1
3,110,88,19,129,34.253171714345534,0.5612,46,0
0,146,59,8,113,34.78742996840289,0.6201,50,0
5,118,64,21,155,20.590143507727404,0.6249,23,0
4,109,40,29,83,18.404761944632536,0.7099,63,0
9,121,91,43,129,25.350774386621193,0.5503,50,1
9,131,106,32,139,32.09748838077223,0.4817,49,1
2,151,92,14,124,30.478240146363873,0.585,50,1
4,122,93,28,113,26.00042445077652,1.0397,51,0
3,99,90,28,37,37.22973957390291,0.3641,63,1
7,125,89,15,65,29.821009477611355,0.7068,27,1
3,104,66,8,74,30.954596220213094,0.7326,34,0
6,102,61,41,101,27.68785162593054,0.4612,62,1
7,118,73,14,93,31.031937162710204,0.7851,60,1
6,114,81,18,112,30.47256107578471,0.2577,32,1
5,161,64,28,166,24.655679532020326,0.1,61,1
8,119,63,27,66,29.920359472700163,0.6125,31,1
4,84,65,26,83,29.371741042409653,0.495,36,1
1,155,65,30,87,33.19292407023103,0.8914,51,1
3,150,68,35,74,22.086765042866357,0.5353,22,1
8,152,43,10,64,30.62008084173424,0.4086,63,0
5,123,77,15,120,24.327734473844792,0.7088,60,1
6,115,78,8,104,30.319876012961156,0.4873,54,0
6,116,73,26,99,37.23621426951132,0.2285,47,1
3,76,74,18,83,25.571154980713466,0.4576,68,1
4,87,97,19,94,28.583302353362562,0.2639,41,0
7,154,59,32,70,20.341794166922675,0.7549,60,1
9,115,83,29,83,21.28556907929101,0.5285,59,1
1,135,76,33,121,26.83320854844788,0.1,38,1
2,102,44,44,119,35.61937588764859,0.7419,52,0
2,115,65,53,111,28.217197351891393,0.6164,31,1
7,132,87,29,97,31.06481250913609,0.4859,37,0
2,156,70,16,79,37.60222408418334,0.6689,52,1
2,103,68,35,121,25.10854092429518,0.2861,46,0
3,72,76,9,75,28.813429491614553,0.3949,38,1
1,83,83,33,120,21.75559302241551,0.5747,53,1
1,120,70,45,152,21.013861640018796,1.1235,33,0
4,95,79,23,111,32.384033814283754,0.7991,45,0
2,147,80,33,75,24.728423311609156,0.3581,36,0
1,116,93,40,102,26.06864937074176,0.8938,44,1
4,111,58,8,113,26.299593676620276,1.2649,30,1
5,158,72,31,39,26.934930725849398,0.2316,20,1
2,63,52,19,70,33.378451013242405,0.5764,56,0
0,119,76,30,99,28.616834140497556,0.4169,34,1
9,117,62,17,58,36.8730480474232,0.5197,33,1
8,84,87,19,82,31.247080122095063,0.7856,45,0
2,133,64,45,94,17.589787012608003,0.5893,70,1
1,94,85,17,101,23.362285427561606,0.3389,36,1
0,140,76,10,85,26.523301102343645,0.7174,60,0
6,51,45,40,82,26.495652290409325,0.9107,61,0
5,112,70,27,143,33.53480454542336,0.6815,60,1
5,112,40,8,64,34.18733937155549,0.5284,47,0
3,88,71,28,72,31.169960470497646,0.1,63,0
7,119,87,24,94,27.49582400066795,0.5298,49,0
6,86,60,23,76,44.79798441768903,0.4776,65,0
0,86,65,27,142,32.331896666057624,0.8459,53,1
7,118,107,19,72,23.739682901865795,1.0828,55,1
5,137,101,8,87,28.224871696343047,0.1,58,1
9,138,107,21,82,31.711985018343977,0.7468,37,1
7,129,41,11,140,33.411569698472874,0.3095,42,1
5,106,83,10,69,32.637734529180335,0.475,52,1
7,147,79,26,92,25.990893083370988,0.482,61,1
6,97,64,27,83,33.91181969837884,0.6307,56,1
0,96,58,24,81,24.170039638234343,0.3896,38,1
1,112,89,27,169,32.023049116117896,0.4275,45,1
5,171,59,34,101,21.573413544576294,0.6927,61,1
1,119,46,11,126,28.201500963955393,0.2228,47,1
7,138,54,15,99,36.81645874448923,0.8095,36,1
9,100,99,12,134,27.061083359087657,1.0033,52,1
3,139,87,24,96,35.55011819586439,0.5329,28,1
0,125,90,42,118,32.72374456621818,0.6872,36,1
2,88,77,27,115,34.276670985354684,0.5607,52,0
5,130,61,29,115,26.981911431566783,0.513,36,1
9,151,87,30,154,29.864525820589648,1.2579,42,1
0,110,77,34,91,41.660319082705726,0.5598,48,0
4,116,62,16,175,29.419136498925788,0.1358,35,1
1,133,80,32,75,33.042642661009275,0.281,36,1
1,146,82,35,96,35.66084619319088,0.1,56,1
1,135,77,14,50,26.72767500290222,0.6412,53,1
1,101,66,10,52,26.068988221554676,0.5216,29,1
6,146,52,22,125,28.490389657817143,0.3566,60,1
1,130,66,30,104,37.12529692601485,0.3629,45,0
3,137,56,36,108,23.098449558202322,0.8021,74,1
0,122,47,8,102,27.44812715362012,0.2714,44,0
9,87,81,9,81,40.05922409872189,0.2312,56,0
5,147,83,35,60,37.68195824044779,0.2868,48,1
5,132,77,15,54,36.23409207977061,0.5465,59,1
5,144,66,28,75,40.865810261402146,0.2809,40,0
2,92,76,42,80,33.370856914190355,0.1,44,0
8,147,67,23,83,19.49910476940954,0.217,57,1
7,100,66,44,118,27.656976837681402,0.8261,35,1
8,146,65,13,88,32.664065078321286,0.3763,52,1
5,135,78,24,81,31.909244774591595,0.6376,71,0
0,197,79,30,116,24.94620413447048,0.389,38,1
2,115,74,36,120,30.029673981752516,0.3325,59,1
7,112,74,33,122,32.703436007052844,0.6463,45,0
1,113,72,24,38,28.615099990423413,0.5141,41,1
4,93,47,21,117,41.12531823691983,0.6955,25,0
2,126,74,30,67,31.389658525304455,0.6051,55,1
1,52,62,19,64,31.99367290139591,0.486,20,1
5,96,79,10,95,29.301020026680966,0.5758,46,1
9,83,63,24,76,34.75127158347679,0.4302,32,0
8,125,76,45,74,30.559128030457597,0.6065,44,0
0,107,55,8,71,24.717449675401273,0.6459,52,1
6,113,44,19,106,35.94962733768462,0.3217,58,0
9,137,97,30,93,17.828897520866747,0.1,46,0
5,92,72,26,123,31.819613698076203,0.8071,45,1
9,95,114,29,106,34.15057584383558,0.9693,55,0
7,155,66,26,56,34.15721210874337,0.3372,46,1
6,169,72,25,83,37.636037749016715,0.4178,39,1
8,106,71,8,116,42.64520163509121,0.6803,64,1
8,96,68,33,98,22.52415386439267,0.1712,27,1
1,171,92,8,137,36.61840250208788,0.1137,41,1
0,87,81,8,88,37.82774061640029,0.5046,38,1
7,144,91,34,127,35.39745134462521,0.5664,46,1
2,96,67,27,138,30.749216632746926,0.7509,59,0
3,134,68,39,114,23.857097471869867,0.5404,66,0
3,133,56,30,53,27.246255361591622,0.7689,49,1
2,131,71,25,114,26.635793556045208,0.5101,40,1
6,159,77,10,48,30.327016599336496,0.8903,42,1
1,128,79,10,123,28.990407776358357,0.7158,34,0
3,116,78,22,75,40.632900296763786,0.7622,35,1
5,101,54,36,43,36.561135481459246,0.4368,42,1
1,99,82,26,57,29.980753098521564,0.8453,66,1
8,90,79,34,116,35.70972573212751,0.5908,44,1
2,128,74,31,54,34.87010013589036,1.0136,46,1
2,127,102,13,101,26.202055466214134,0.3632,44,1
9,131,66,52,82,27.573184513841575,0.1,63,1
5,180,51,41,97,35.836601300800815,0.1,64,1
2,136,60,18,81,19.883632829858332,0.7154,60,1
7,128,68,28,76,25.699449063474184,0.763,44,0
5,96,90,31,116,38.14360407320751,0.3368,43,1
7,87,68,39,102,22.923632032930072,0.111,66,0
5,113,49,40,83,39.20440916643053,0.5129,63,0
9,141,82,31,105,29.60289570330649,0.9789,33,1
8,130,65,28,89,21.508284895372604,0.5024,30,1
8,123,79,30,112,19.404465874356337,0.1597,70,1
8,102,73,18,111,31.820644703900193,0.3879,31,0
0,89,78,53,135,35.310087321364975,0.4786,20,1
4,100,61,23,63,23.639387592690184,0.4874,33,0
8,100,79,22,89,34.5816753838533,0.4645,41,0
6,116,73,16,69,35.614885011800844,0.6112,50,0
4,121,82,35,122,30.395332504324077,0.8467,47,1
3,126,60,32,180,28.7512295512595,0.5177,39,1
3,158,61,19,47,26.454329652746516,0.1,53,0
7,78,85,17,133,29.307825713260332,0.342,42,0
4,114,64,22,56,33.382189613763884,0.1,39,1
5,134,71,37,122,33.67684602548605,0.7319,54,1
2,86,78,31,127,25.38207234972824,0.2734,50,1
1,129,44,14,135,41.949274106842694,0.1961,40,1
6,164,64,19,141,28.751265083690452,0.6806,25,0
2,78,56,34,93,29.085365556682152,0.3128,42,1
0,144,40,15,99,30.406821304226284,0.6008,48,0
7,113,89,16,93,32.100053283990526,0.8901,41,1
7,150,71,22,85,29.465061194544507,0.7136,48,1
4,95,104,23,71,39.58659499353578,0.5705,52,1
2,112,69,9,92,32.77619846225571,0.9626,46,1
2,188,84,16,112,26.54791945066156,0.1615,40,0
6,73,54,25,82,33.36886762687654,0.1963,54,0
1,77,55,29,144,32.89025821669703,0.6407,45,0
0,107,53,10,107,24.26093210747223,0.5799,28,1
9,155,76,38,72,31.336860041465005,0.2547,39,1
5,101,53,9,24,24.661921218979252,0.6569,24,0
4,104,76,32,114,21.86611461635164,0.4422,23,1
9,80,56,13,50,39.11556345853927,1.1056,38,1
0,113,67,17,101,33.371038856892916,0.5808,40,1
4,136,72,34,118,22.469427585717305,0.1414,35,1
4,128,88,29,101,38.19837868206502,0.6174,45,1
9,122,67,15,116,38.422303251054814,0.4874,62,1
5,118,61,51,93,28.5536153703734,0.5065,20,0
7,144,62,15,134,39.041526405710975,0.6292,39,1
4,95,56,18,63,21.617769288741105,0.5549,48,0
8,103,76,28,87,35.466001532498055,0.6938,49,1
4,85,59,18,61,33.639543800125985,0.7992,33,1
6,94,67,17,113,26.92727095694693,0.7529,41,0
4,126,85,28,162,39.578724714822506,0.4231,40,0
1,99,89,28,102,35.1217220066249,0.9307,47,1
3,144,67,25,100,33.170877667629895,0.1609,24,1
3,95,62,31,89,32.17836763006113,0.1939,38,1
8,101,74,49,94,26.84087832314533,0.4566,46,1
4,119,50,14,90,30.00839217986538,0.3585,42,1
5,117,77,19,112,33.25438178567414,0.7165,54,1
4,117,75,36,75,27.229553327818806,0.5454,50,0
3,117,40,22,90,30.038242343061885,0.854,29,0
3,54,64,20,79,37.64606403690256,0.7152,46,0
1,119,59,8,81,35.527861703035654,1.0691,45,1
7,90,80,8,111,35.90626963757747,0.6091,42,1
0,100,99,21,118,16.48831430382571,0.8191,64,0
8,133,80,17,111,26.148217180764668,0.3478,59,1
5,101,62,33,65,33.140275834215714,0.6867,43,1
5,112,68,14,125,26.400877318126778,0.5874,44,0
6,154,75,13,104,30.12331581043273,1.3635,48,0
0,155,44,26,154,30.302804293841476,0.1,39,1
6,99,61,18,105,39.02917679763192,0.7631,50,1
8,86,79,10,88,32.82490267711706,0.2156,31,1
3,146,81,25,72,24.574558024932884,0.3723,50,1
4,67,60,38,97,22.497946521382083,1.089,44,0
9,110,61,48,125,35.93162320665206,0.6441,31,1
1,98,76,8,33,32.909747215918685,0.2977,20,0
1,154,68,25,121,37.73276811900944,0.4141,45,1
9,133,70,23,136,38.25712421465732,0.6194,67,1
5,133,115,11,74,33.51278696920328,0.5993,70,0
8,142,89,32,66,39.44655283152519,0.8073,52,1
9,118,81,25,69,24.708450131034446,0.312,47,0
0,125,79,18,138,29.393735037715153,0.3916,51,0
8,144,45,37,140,28.78326797305751,0.573,59,0
9,97,85,17,80,26.203981214050156,0.5857,60,1
0,92,77,45,106,28.678620696092484,0.6915,41,1
1,96,93,8,118,28.217530373214778,0.3974,67,1
5,116,78,20,47,25.805810914709408,0.8203,45,1
2,113,62,43,89,28.33978072283724,0.774,35,0
4,120,75,48,105,16.7316762234952,0.5816,45,0
3,129,75,24,93,34.67826525862472,0.3645,32,1
3,122,49,26,67,28.345162342899933,0.7613,51,0
5,75,99,11,140,37.12926319588892,0.6443,33,1
2,120,68,8,128,30.513357060703832,0.3788,37,1
3,97,40,29,110,29.802209051934202,0.213,46,0
3,101,84,21,81,42.728155092467475,0.5881,49,1
0,105,40,35,108,29.92500404071952,0.4657,54,1
1,91,98,34,28,21.917430240160147,0.4669,38,1
6,168,76,30,74,35.33364488306801,0.4049,41,0
2,159,74,39,62,25.46100925583084,0.2095,48,1
9,108,56,11,93,28.2064793224684,0.3286,65,0
1,106,75,24,44,39.570029837583476,0.4662,54,1
3,115,58,38,104,33.202321160085326,0.8395,60,1
0,102,56,33,100,22.65692539821643,0.4528,25,1
7,78,79,29,152,36.08723973698405,0.3943,55,1
1,128,40,24,64,31.60784233091958,0.2306,50,1
3,155,72,16,87,22.93458161789961,0.6015,52,0
9,113,63,27,106,30.679750933428934,0.7716,36,1
2,133,71,21,167,26.097948095547522,0.5745,35,1
8,103,79,27,79,35.54898530336904,0.5973,47,1
4,130,75,25,75,41.162597444574956,0.2374,50,1
1,97,60,14,104,22.76169604258815,0.3804,20,0
9,107,49,36,55,35.78166214016929,0.3247,65,1
0,97,81,22,89,38.633433170632586,0.3128,46,1
6,140,69,21,42,24.662530044008825,0.5796,43,1
1,90,68,27,73,39.5888626835645,0.7271,48,1
4,82,71,29,67,32.80428725090637,0.2234,53,1
7,73,57,31,95,15.0,0.8107,46,1
3,144,61,17,105,41.68623075545377,0.9059,49,1
6,88,81,16,104,29.635194234355975,0.6253,46,1
8,124,81,29,91,40.85297015158244,0.5778,50,0
7,97,40,19,117,28.881422011493164,0.7003,46,1
7,112,79,30,140,20.760176161994334,0.3854,56,1
5,112,83,34,84,32.98184387306528,0.7951,69,1
4,121,71,31,91,32.13784299413433,0.2355,61,1
7,122,101,20,75,27.695098495997236,0.9147,20,0
8,188,80,12,93,31.40472739640717,0.7115,68,0
3,139,61,13,42,21.609229632997597,0.2759,29,1
2,90,40,13,80,27.36730307276821,0.8799,37,0
3,118,59,24,72,32.02014588552742,0.4409,32,1
5,130,65,26,92,25.794454376420358,0.5176,36,1
4,111,80,17,170,36.314113921916395,0.8261,55,0
0,100,40,20,111,31.90910183048787,0.5689,62,1
2,96,55,42,98,27.26062489932319,0.3447,36,1
1,87,49,22,77,37.64295571265977,0.5733,48,0
8,129,82,23,127,31.047935853447655,0.6982,38,0
5,126,82,31,107,28.908478204270075,0.2983,52,0
7,147,58,18,144,36.21149162640348,0.4105,48,1
9,51,58,24,84,32.48261538898252,0.7824,40,1
5,111,69,21,162,17.555774434012328,0.4029,44,1
1,142,84,24,86,30.328258994610117,0.4738,43,1
9,138,53,13,42,36.1983844021456,0.5626,51,1
7,164,62,26,120,25.078121465223568,0.3634,47,1
5,160,90,29,65,37.35852166490941,0.1255,65,1
1,53,66,32,87,35.29003486596144,0.2875,28,1
6,111,90,15,104,31.40781982698175,0.1108,27,0
8,169,80,8,20,35.39832155802628,0.4759,59,1
0,141,65,20,95,34.25605807936197,0.4964,57,1
8,86,101,18,77,30.605180073566896,0.5168,39,1
4,124,40,45,90,34.48373571668191,0.1555,38,0
6,156,63,33,75,28.284286362076337,0.4386,61,1
2,71,55,16,46,26.595113520311987,0.1,31,0
7,130,74,13,48,24.165063546794315,0.4892,56,1
5,101,72,21,88,43.22276738175888,0.1,41,1
0,83,62,19,88,21.424257042362697,0.6488,53,1
1,122,58,21,159,31.574172265577534,0.2031,47,1
3,90,56,20,123,34.47038918810104,0.6307,30,0
2,104,67,29,84,32.35635753461215,0.8982,42,1
7,133,49,12,69,25.8709904984033,0.4774,52,1
9,108,40,25,95,32.097572521233744,1.0266,61,1
4,95,64,23,71,34.00278714991071,0.5892,30,1
3,76,71,28,124,28.9751415812403,0.707,47,1
8,84,88,38,104,39.974240327080174,0.7642,53,1
7,133,66,17,102,20.97364549096927,0.6749,32,1
1,106,68,16,90,42.33627727610413,0.8463,49,1
3,148,59,24,40,37.73861266156537,1.0163,46,1
2,135,58,17,113,32.52732475307634,0.378,36,0
9,92,67,28,89,22.518948410510887,0.7473,20,1
4,104,74,31,128,26.725570759887038,0.6466,47,1
7,84,78,29,103,28.032538707030355,0.7068,24,0
8,105,61,29,127,28.940465428978804,0.6952,45,1
5,112,61,29,102,21.45610181038349,0.1,50,0
3,127,83,11,52,41.04659009437177,0.5879,39,1
3,90,85,16,127,28.596226481379933,0.2392,39,1
8,116,69,34,38,37.971198165181285,0.7051,61,1
4,83,82,16,45,24.255156891013836,0.5014,34,0
3,74,40,40,122,24.704218984517155,0.4993,58,1
7,147,61,25,94,29.363427713973746,0.4025,45,1
1,93,84,14,88,29.22831716367969,0.5895,20,0
2,150,64,24,152,29.33597074723799,0.8097,45,1
6,121,84,17,65,27.16854285773787,0.5249,42,0
